,Logit,NB,DT,RF,Logit_PCA,NB_PCA,DT_PCA,RF_PCA
Accuracy,0.8901522717843917,0.8603893609502005,0.8620334659885374,0.9083526682134572,0.8804259307632027,0.837863585378221,0.8593406677832239,0.9117906915996988
F1 Score,0.7504015082745618,0.7069268607370375,0.6956271186440678,0.7954280422554535,0.7236652877154981,0.5565175363019312,0.6907008370851528,0.800680514204866
Precision,0.7734355320450538,0.6741464164872347,0.6955092357227588,0.8047853697470243,0.7596354554942597,0.7318980764978996,0.6883344276646969,0.820427984417525
Recall,0.7286997796236651,0.7430581454483811,0.6957450415324631,0.786285811154433,0.6909476182403798,0.4489404983895576,0.6930835734870316,0.7818613324292253
