,Logit,NB,DT,RF
Accuracy,0.8901522717843917,0.8603893609502005,0.8620334659885374,0.9083526682134571
F1 Score,0.7504015082745618,0.7069268607370375,0.6956271186440678,0.7954280422554535
Precision,0.7734355320450538,0.6741464164872347,0.6955092357227588,0.8047853697470243
Recall,0.7286997796236651,0.7430581454483811,0.6957450415324631,0.786285811154433
