,LR,KNN,SVM,NB,DT,RF
Accuracy,0.8276595744680851,0.8308510638297872,0.8563829787234043,0.8414893617021276,0.851063829787234,0.8606382978723405
F1 Score,0.3886792452830189,0.4752475247524753,0.5484949832775919,0.4601449275362319,0.5757575757575757,0.5662251655629138
Precision,0.7253521126760564,0.6605504587155964,0.780952380952381,0.774390243902439,0.6985294117647058,0.7916666666666666
Recall,0.2654639175257732,0.3711340206185567,0.422680412371134,0.327319587628866,0.4896907216494845,0.44072164948453607
