,LR,KNN,SVM,NB
Accuracy,0.8276595744680851,0.8308510638297872,0.8563829787234043,0.8414893617021276
F1 Score,0.3886792452830189,0.4752475247524753,0.5484949832775919,0.46014492753623193
Precision,0.7253521126760564,0.6605504587155964,0.780952380952381,0.774390243902439
Recall,0.2654639175257732,0.3711340206185567,0.422680412371134,0.327319587628866
